{"cameraMode":{"drawMode":0,"name":"Shaded","section":"Shading Mode"},"sceneLighting":false,"audioPlay":false,"sceneViewState":{"m_AlwaysRefresh":false,"showFog":false,"showSkybox":false,"showFlares":false,"showImageEffects":false,"showParticleSystems":false,"showVisualEffectGraphs":true,"m_FxEnabled":true},"in2DMode":false,"pivot":{"x":-0.1690269410610199,"y":0.35273995995521548,"z":-0.8175610303878784},"rotation":{"x":0.0028023170307278635,"y":-0.9963772296905518,"z":0.07668298482894898,"w":0.03649256378412247},"size":1.6513522863388062,"orthographic":false}